1,12,0KX5M7DedeI,Kygo, Sandro Cavazza - Happy Now (Lyric Video)
2,12,ReAYsNejZqs,Avicii - SOS Lyrics (Terjemahan Indonesia)
3,12,8R0hFww456w,EFFIEL 65 BLUE LO MEJOR DE LOS 90S MARCIANITOS
4,12,Oh0LtTHvrtY,Eiffel 65 - Blue (KNY Factory Trap Remix)
5,12,Wa5B22KAkEk,Snoop Dogg & Wiz Khalifa - Young, Wild and Free ft. Bruno Mars [Official Video]
6,12,6vYnas6q3Sg,O.T. Genasis - CoCo [Music Video]
7,12,j6sSQq7a_Po,Kygo, Selena Gomez â€“ It Ain't Me (Lyrics) ðŸŽµ
8,3,J7GL8kO-DBw,Alonzo - Santana (Clip Officiel)
9,3,MTGlrcReWrk,Death Note Soundtrack - L's Theme
10,3,mABNyz9bBZg,SNCF Pub Carte Kiwi 1 heure
11,1,sLgDsfbfMQA,RIDSA - LA C'EST DIE (CLIP OFFICIEL)
12,1,Efo423K-rwo,RIDSA - Pardon [Clip Officiel]
13,1,0VDC9LqAPvU,RIDSA - Porto Rico [Clip Officiel]
14,1,KNyqdgxpmZ8,Ridsa feat. Eva Guess - On s'est manquÃ© [Clip officiel]
15,1,khOjDeTNFu8,Ridsa - Avancer [Clip]
16,1,cHcVU5cGUNE,Italobrothers - Stamp On The Ground (Official HD Video)
17,1,sok8kp_DSqE,ItaloBrothers - My Life Is A Party (Radio Edit)
18,1,2bjk26RwjyU,OrelSan - Basique [CLIP OFFICIEL]
19,1,37StRy0LEbI,OrelSan - La pluie (feat. Stromae) [CLIP OFFICIEL]
20,1,iXzBdNjpYw0,OrelSan - RÃªves bizarres (feat. Damso) [CLIP OFFICIEL]
21,1,dq6G2YWoRqA,OrelSan - Tout va bien [CLIP OFFICIEL]
22,1,yBwtAySu7Mg,Casseurs Flowters - 06h16 - Des histoires Ã  raconter
23,1,B2kvtRprvkk,Suicide Social [VIDÃ‰O OFFICIELLE]
24,1,1b0Eh4iELqQ,Casseurs Flowters - Ã€ lâ€™heure oÃ¹ je me couche
25,1,wRQEfN8PGYI,OrelSan - DÃ©faite de famille [CLIP OFFICIEL]
26,1,4qaTeHEo-28,Casseurs Flowters - 15h02 - Regarde comme il fait beau (dehors) ft. Orelsan, Gringe
27,1,tOq65m0gc5g,Casseurs Flowters - Jâ€™essaye, jâ€™essaye (Orelsan feat. Janine)
28,1,kutk2XHEZNU,Vald - DÃ©saccordÃ©
29,1,VfzhSbFPSRg,Lorenzo ft. Vald - Bizarre (Clip Officiel)
30,1,QHyy5vV1uP0,93 Empire - Woah (Sofiane, Vald, Soolking, Sadek, Mac Tyer, Heuss Lâ€™enfoirÃ©, Kalash Criminel)
31,1,vfUFTHAQKeg,Vald - Vitrine ft. Damso
32,1,UPnMFUsKm8w,Kalash - Mwaka Moon ft. Damso
33,1,GGhKPm18E48,Damso - Î˜. Macarena (Clip Officiel)
34,1,6qDYXuxjRA0,Damso - N. J Respect R
35,1,6f7-Mj2PSDQ,Damso - AmnÃ©sie ( Clip Officiel)
